{
  "plasma:0x92a01ab7317ac318b39b00eb6704ba56f0245d7a:below:0.000495": {
    "first": 0.0004761,
    "ref": 0.0004761
  }
}