{
  "plasma:0x92a01ab7317ac318b39b00eb6704ba56f0245d7a:below:0.000495": {
    "first": 0.0004761,
    "ref": 0.0004761
  },
  "plasma:0xfc8a5aeefad8cc23f629489cdc6b0ec883d04702:below:4.5e-05": {
    "first": 4.263e-05,
    "ref": 4.263e-05,
    "ts": 1782083073.3505893
  },
  "plasma:0x92a01ab7317ac318b39b00eb6704ba56f0245d7a:below:0.000485": {
    "first": 0.0004827,
    "ref": 0.0004827,
    "ts": 1782169815.4847357
  },
  "bsc:0x405fbc9004d857903bfd6b3357792d71a50726b0:below:0.085": {
    "first": 0.08393,
    "ref": 0.08393,
    "ts": 1782169816.1586308
  }
}